Product Name, Pricing, Ratings
Apple iPhone SE (Black| 64 GB),Rs.41500,4.517
Apple iPhone SE (Red| 64 GB),Rs.41500,4.517
Apple iPhone SE (White| 64 GB),Rs.41500,4.517
Apple iPhone XR (Black| 128 GB),Rs.57800,4.614
Apple iPhone XR (White| 128 GB),Rs.57800,4.614
Apple iPhone XR (White| 64 GB),Rs.52500,4.614
Apple iPhone SE (Red| 128 GB),Rs.46800,4.517
Apple iPhone XR ((PRODUCT)RED| 64 GB),Rs.52500,4.614
Apple iPhone 7 (Black| 32 GB),Rs.29799,4.591
Apple iPhone SE (White| 128 GB),Rs.46800,4.517
Apple iPhone XR (Blue| 64 GB),Rs.52500,4.614
Apple iPhone SE (Black| 128 GB),Rs.46800,4.517
Apple iPhone XR (Coral| 64 GB),Rs.52500,4.614
Apple iPhone XR ((PRODUCT)RED| 128 GB),Rs.57800,4.614
Apple iPhone 7 (Silver| 32 GB),Rs.29799,4.591
Apple iPhone 7 Plus (Black| 32 GB),Rs.36999,4.528
Apple iPhone XR (Coral| 128 GB),Rs.57800,4.614
Apple iPhone XR (Blue| 128 GB),Rs.57800,4.614
Apple iPhone 11 (Black| 64 GB),Rs.68300,4.718
Apple iPhone 11 (White| 128 GB),Rs.73600,4.718
Apple iPhone 11 (Purple| 64 GB),Rs.68300,4.718
Apple iPhone 11 (White| 64 GB),Rs.68300,4.718
Apple iPhone XR (Yellow| 64 GB),Rs.52500,4.614
Apple iPhone 7 (Rose Gold| 32 GB),Rs.29799,4.591
